insert into User (username,firstname,lastname,password,email) values ('sportslover','Paul','Walker','2e35e641a2dc8ddd8431f4bd04e2cfce','sportslover@hotmail.com');
insert into User (username,firstname,lastname,password,email) values ('traveler','Rebecca','Travolta','b8d0968369fa91881eb2a12955fa4cb8','rebt@explorer.org');
insert into User (username,firstname,lastname,password,email) values ('spacejunkie','Bob','Spacey','8e29182eedc94e0ff691ba87b6d353c9','bspace@spacejunkies.net');
insert into Album (albumid, title, username, access) values (1, "I love sports", "sportslover", "public");
insert into Album (albumid, title, username, access) values (2, "I love football", "sportslover", "public");
insert into Album (albumid, title, username, access) values (3, "Around The World", "traveler", "public");
insert into Album (albumid, title, username, access) values (4, "Cool Space Shots", "spacejunkie", "private");
insert into Photo (picid,url,format) values ("football_s1","/pictures/football_s1.jpg","jpg");
insert into Photo (picid,url,format) values ("football_s2","/pictures/football_s2.jpg","jpg");
insert into Photo (picid,url,format) values ("football_s3","/pictures/football_s3.jpg","jpg");
insert into Photo (picid,url,format) values ("football_s4","/pictures/football_s4.jpg","jpg");
insert into Photo (picid,url,format) values ("space_EagleNebula","/pictures/space_EagleNebula.jpg","jpg");
insert into Photo (picid,url,format) values ("space_GalaxyCollision","/pictures/space_GalaxyCollision.jpg","jpg");
insert into Photo (picid,url,format) values ("space_HelixNebula","/pictures/space_HelixNebula.jpg","jpg");
insert into Photo (picid,url,format) values ("space_MilkyWay","/pictures/space_MilkyWay.jpg","jpg");
insert into Photo (picid,url,format) values ("space_OrionNebula","/pictures/space_OrionNebula.jpg","jpg");
insert into Photo (picid,url,format) values ("sports_s1","/pictures/sports_s1.jpg","jpg");
insert into Photo (picid,url,format) values ("sports_s2","/pictures/sports_s2.jpg","jpg");
insert into Photo (picid,url,format) values ("sports_s3","/pictures/sports_s3.jpg","jpg");
insert into Photo (picid,url,format) values ("sports_s4","/pictures/sports_s4.jpg","jpg");
insert into Photo (picid,url,format) values ("sports_s5","/pictures/sports_s5.jpg","jpg");
insert into Photo (picid,url,format) values ("sports_s6","/pictures/sports_s6.jpg","jpg");
insert into Photo (picid,url,format) values ("sports_s7","/pictures/sports_s7.jpg","jpg");
insert into Photo (picid,url,format) values ("sports_s8","/pictures/sports_s8.jpg","jpg");
insert into Photo (picid,url,format) values ("world_EiffelTower","/pictures/world_EiffelTower.jpg","jpg");
insert into Photo (picid,url,format) values ("world_firenze","/pictures/world_firenze.jpg","jpg");
insert into Photo (picid,url,format) values ("world_GreatWall","/pictures/world_GreatWall.jpg","jpg");
insert into Photo (picid,url,format) values ("world_Isfahan","/pictures/world_Isfahan.jpg","jpg");
insert into Photo (picid,url,format) values ("world_Istanbul","/pictures/world_Istanbul.jpg","jpg");
insert into Photo (picid,url,format) values ("world_Persepolis","/pictures/world_Persepolis.jpg","jpg");
insert into Photo (picid,url,format) values ("world_Reykjavik","/pictures/world_Reykjavik.jpg","jpg");
insert into Photo (picid,url,format) values ("world_Seoul","/pictures/world_Seoul.jpg","jpg");
insert into Photo (picid,url,format) values ("world_Stonehenge","/pictures/world_Stonehenge.jpg","jpg");
insert into Photo (picid,url,format) values ("world_TajMahal","/pictures/world_TajMahal.jpg","jpg");
insert into Photo (picid,url,format) values ("world_TelAviv","/pictures/world_TelAviv.jpg","jpg");
insert into Photo (picid,url,format) values ("world_tokyo","/pictures/world_tokyo.jpg","jpg");
insert into Photo (picid,url,format) values ("world_WashingtonDC","/pictures/world_WashingtonDC.jpg","jpg");
insert into Contain (albumid,picid,sequencenum) values (1,"sports_s1",1);
insert into Contain (albumid,picid,sequencenum) values (1,"sports_s2",2);
insert into Contain (albumid,picid,sequencenum) values (1,"sports_s3",3);
insert into Contain (albumid,picid,sequencenum) values (1,"sports_s4",4);
insert into Contain (albumid,picid,sequencenum) values (2,"football_s1",1);
insert into Contain (albumid,picid,sequencenum) values (2,"football_s2",2);
insert into Contain (albumid,picid,sequencenum) values (2,"football_s3",3);
insert into Contain (albumid,picid,sequencenum) values (2,"football_s4",4);
insert into Contain (albumid,picid,sequencenum) values (3,"world_EiffelTower",1);
insert into Contain (albumid,picid,sequencenum) values (3,"world_firenze",2);
insert into Contain (albumid,picid,sequencenum) values (3,"world_GreatWall",3);
insert into Contain (albumid,picid,sequencenum) values (3,"world_Isfahan",4);
insert into Contain (albumid,picid,sequencenum) values (3,"world_Istanbul",5);
insert into Contain (albumid,picid,sequencenum) values (3,"world_Persepolis",6);
insert into Contain (albumid,picid,sequencenum) values (3,"world_Reykjavik",7);
insert into Contain (albumid,picid,sequencenum) values (3,"world_Seoul",8);
insert into Contain (albumid,picid,sequencenum) values (3,"world_Stonehenge",9);
insert into Contain (albumid,picid,sequencenum) values (3,"world_TajMahal",10);
insert into Contain (albumid,picid,sequencenum) values (3,"world_TelAviv",11);
insert into Contain (albumid,picid,sequencenum) values (3,"world_tokyo",12);
insert into Contain (albumid,picid,sequencenum) values (3,"world_WashingtonDC",13);
insert into Contain (albumid,picid,sequencenum) values (4,"space_EagleNebula",1);
insert into Contain (albumid,picid,sequencenum) values (4,"space_GalaxyCollision",2);
insert into Contain (albumid,picid,sequencenum) values (4,"space_HelixNebula",3);
insert into Contain (albumid,picid,sequencenum) values (4,"space_MilkyWay",4);
insert into Contain (albumid,picid,sequencenum) values (4,"space_OrionNebula",5);
insert into AlbumAccess(albumid, username) values (4, "traveler");
insert into AlbumAccess(albumid, username) values (1, 1);
insert into AlbumAccess(albumid, username) values (2, 1);
insert into AlbumAccess(albumid, username) values (3, 1);
insert into AlbumAccess(albumid, username) values (4, 0);
